<workflow-app name="Contacts/BHC" xmlns="uri:oozie:workflow:0.5">
	<global>
		<configuration>
			<property>
				<name>oozie.launcher.mapred.job.queue.name</name>
				<value>${queueName}</value>
			</property>
		</configuration>
	</global>
	<credentials>
		<credential name="hbase_creds" type="hbase">
			<property>
				<name>hbase.zookeeper.quorum</name>
				<value>${zookeeperQuorum}</value>
			</property>
			<property>
				<name>hbase.master.kerberos.principal</name>
				<value>${hbasePrincipal}</value>
			</property>
			<property>
				<name>hbase.regionserver.kerberos.principal</name>
				<value>${hbasePrincipal}</value>
			</property>
			<property>
				<name>hbase.security.authentication</name>
				<value>kerberos</value>
			</property>
		</credential>
		<credential name="hive_creds" type="hcat">
			<property>
				<name>hcat.metastore.uri</name>
				<value>${hiveMetastore}</value>
			</property>
			<property>
				<name>hcat.metastore.principal</name>
				<value>${hivePrincipal}</value>
			</property>
		</credential>
		<credential name='hive2_creds' type='hive2'>
			<property>
				<name>hive2.server.principal</name>
				<value>${hivePrincipal}</value>
			</property>
			<property>
				<name>hive2.jdbc.url</name>
				<value>${hive2url}</value>
			</property>
		</credential>
	</credentials>

	<start to="preProcessCleanWorkDir" />

	<!-- Clean work directory before the process in order to remove non supported 
		files -->
	<action name="preProcessCleanWorkDir">
		<shell xmlns="uri:oozie:shell-action:0.2">
			<job-tracker>${jobTracker}</job-tracker>
			<name-node>${nameNode}</name-node>
			<configuration>
              <property>
                 <name>oozie.launcher.mapreduce.map.memory.mb</name>
                 <value>5120</value>
              </property>
              <property>
                 <name>oozie.launcher.yarn.app.mapreduce.am.resource.mb</name>
                 <value>1024</value>
              </property>
              <property>
                 <name>oozie.launcher.yarn.app.mapreduce.am.command-opts</name>
                 <value>-Xmx768m</value>
              </property>
				<property>
					<name>oozie.launcher.mapred.job.queue.name</name>
					<value>${queueName}</value>
				</property>
			</configuration>
			<exec>pre_process_clean_work_filter.sh</exec>
			<file>${appRoot}/pre_process_clean_work_filter.sh</file>
		</shell>
		<ok to="cleanHdfs" />
		<error to="mailError" />
	</action>

	<action name="cleanHdfs" cred="hbase_creds,hive_creds">
		<spark xmlns="uri:oozie:spark-action:0.2">
			<job-tracker>${jobTracker}</job-tracker>
			<name-node>${nameNode}</name-node>
			<job-xml>${commonRoot}/conf/hbase-site.xml</job-xml>
			<master>yarn-cluster</master>
			<name>fr.edf.dco.contacts.bhc.cleanHdfs</name>
			<class>fr.edf.dco.contacts.bhc.batch.spark.jobs.HdfsFilesCleanerJob</class>
			<jar>hdfs://${appRoot}/lib/${appJar}</jar>
			<spark-opts>--num-executors ${numExecutors} --executor-memory 3G --driver-memory 6G --driver-cores 4 --queue ${queueName} --conf spark.task.maxFailures=16 --conf spark.yarn.max.executor.failures=20 --conf spark.yarn.executor.memoryOverhead=2096 --conf	spark.yarn.security.tokens.hive.enabled=false --jars hdfs://${commonRoot}/lib/oracle/ojdbc7.jar,hdfs://${commonRoot}/lib/hdfs/HDFSLogger-${hdfsloggerVersion}.jar,hdfs://${commonRoot}/lib/hiveClient/datanucleus-api-jdo-3.2.6.jar,hdfs://${commonRoot}/lib/hiveClient/datanucleus-core-3.2.10.jar,hdfs://${commonRoot}/lib/hiveClient/datanucleus-rdbms-3.2.9.jar
			</spark-opts>
			<arg>--principal</arg>
			<arg>${userPrincipal}</arg>
			<arg>--keytab</arg>
			<arg>${userKeytab}</arg>
			<file>${nameNode}/user/${userName}/${userKeytab}</file>
			<file>${nameNode}/${commonRoot}/conf/hive-site.xml</file>
			<file>${nameNode}/${commonRoot}/conf/hbase-site.xml</file>
			<file>${nameNode}/${appRoot}/config/HDFSLogger.properties</file>
			<file>${nameNode}/${appRoot}/config/${propertiesFile}</file>
			<file>${nameNode}/${appRoot}/config/metrics.properties</file>
			<file>${nameNode}/${commonRoot}/kerberos/krb5.conf</file>
		</spark>
		<ok to="HdfsToHive" />
		<error to="mailError" />
	</action>

	<!-- Expose files in work directory in hive internal ORC table -->
	<action name="HdfsToHive" cred="hive2_creds">
		<hive2 xmlns="uri:oozie:hive2-action:0.1">
			<job-tracker>${jobTracker}</job-tracker>
			<name-node>${nameNode}</name-node>
			<configuration>
				<property>
					<name>oozie.launcher.mapred.job.queue.name</name>
					<value>${queueName}</value>
				</property>
			</configuration>
			<jdbc-url>${hive2url}?tez.queue.name=${queueName}</jdbc-url>
			<script>${appRoot}/hive/create_table_work_filter.hql</script>
		</hive2>
		<ok to="HiveToHbase" />
		<error to="mailError" />
	</action>

	<!-- Integrate lines from hive into hbase contacts table -->
	<action name="HiveToHbase" cred="hbase_creds,hive_creds">
		<spark xmlns="uri:oozie:spark-action:0.2">
			<job-tracker>${jobTracker}</job-tracker>
			<name-node>${nameNode}</name-node>
			<job-xml>${commonRoot}/conf/hbase-site.xml</job-xml>
			<master>yarn-cluster</master>
			<name>fr.edf.dco.contacts.bhc.integration</name>
			<class>fr.edf.dco.contacts.bhc.batch.spark.jobs.HiveToHbaseWorkJob</class>
			<jar>hdfs://${appRoot}/lib/${appJar}</jar>
			<spark-opts>--num-executors ${numExecutors} --executor-memory 3G --driver-memory 5G --driver-cores 10 --queue ${queueName} --conf spark.yarn.executor.memoryOverhead=1048 --conf	spark.yarn.security.tokens.hive.enabled=false --jars hdfs://${commonRoot}/lib/oracle/ojdbc7.jar,hdfs://${commonRoot}/lib/hdfs/HDFSLogger-${hdfsloggerVersion}.jar,hdfs://${commonRoot}/lib/hiveClient/datanucleus-api-jdo-3.2.6.jar,hdfs://${commonRoot}/lib/hiveClient/datanucleus-core-3.2.10.jar,hdfs://${commonRoot}/lib/hiveClient/datanucleus-rdbms-3.2.9.jar</spark-opts>
			<arg>--principal</arg>
			<arg>${userPrincipal}</arg>
			<arg>--keytab</arg>
			<arg>${userKeytab}</arg>
			<file>${nameNode}/user/${userName}/${userKeytab}</file>
			<file>${nameNode}/${commonRoot}/conf/hive-site.xml</file>
			<file>${nameNode}/${commonRoot}/conf/hbase-site.xml</file>
			<file>${nameNode}/${appRoot}/config/HDFSLogger.properties</file>
			<file>${nameNode}/${appRoot}/config/${propertiesFile}</file>
			<file>${nameNode}/${commonRoot}/kerberos/krb5.conf</file>
			
		</spark>
		<ok to="postProcessCleanWorkDir" />
		<error to="mailError" />
	</action>

	<!-- Clean work directory after the process in order to move processed data 
		to init directory -->
	<action name="postProcessCleanWorkDir">
		<shell xmlns="uri:oozie:shell-action:0.2">
			<job-tracker>${jobTracker}</job-tracker>
			<name-node>${nameNode}</name-node>
			<configuration>
              <property>
                 <name>oozie.launcher.mapreduce.map.memory.mb</name>
                 <value>5120</value>
              </property>
              <property>
                 <name>oozie.launcher.yarn.app.mapreduce.am.resource.mb</name>
                 <value>1024</value>
              </property>
              <property>
                 <name>oozie.launcher.yarn.app.mapreduce.am.command-opts</name>
                 <value>-Xmx768m</value>
              </property>
				<property>
					<name>oozie.launcher.mapred.job.queue.name</name>
					<value>${queueName}</value>
				</property>
			</configuration>
			<exec>post_process_clean_work_filter.sh</exec>
			<file>${appRoot}/post_process_clean_work_filter.sh</file>
			<capture-output />
		</shell>
		<ok to="hbaseToSqlServer" />
		<error to="mailError" />
	</action>

	<!-- export data from hbase to SQLServer -->
	<action name="hbaseToSqlServer" cred="hive_creds,hbase_creds">
	   <spark xmlns="uri:oozie:spark-action:0.2">
     <job-tracker>${jobTracker}</job-tracker>
     <name-node>${nameNode}</name-node>
     <job-xml>${commonRoot}/conf/hbase-site.xml</job-xml>
     <master>yarn-cluster</master>
     <name>fr.edf.dco.contacts.bhc.integration</name>
      <class>fr.edf.dco.contacts.bhc.batch.spark.jobs.HbaseToSqlServerJob</class>
     <jar>hdfs://${appRoot}/lib/${appJar}</jar>
     <spark-opts>--num-executors ${numExecutors} --executor-memory 3G --driver-memory 5G --queue ${queueName} --conf spark.yarn.security.tokens.hive.enabled=false --jars hdfs://${commonRoot}/lib/hdfs/HDFSLogger-${hdfsloggerVersion}.jar,hdfs://${commonRoot}/lib/hiveClient/datanucleus-api-jdo-3.2.6.jar,hdfs://${commonRoot}/lib/hiveClient/datanucleus-core-3.2.10.jar,hdfs://${commonRoot}/lib/hiveClient/datanucleus-rdbms-3.2.9.jar</spark-opts>
     <arg>delta</arg>
     <arg>--principal</arg>
     <arg>${userPrincipal}</arg>
     <arg>--keytab</arg>
     <arg>${userKeytab}</arg>
     <file>${nameNode}/user/${userName}/${userKeytab}</file>
     <file>${nameNode}/${commonRoot}/conf/hive-site.xml</file>
     <file>${nameNode}/${commonRoot}/conf/hbase-site.xml</file>
     <file>${nameNode}/${appRoot}/config/metrics.properties</file>
     <file>${nameNode}/${appRoot}/config/HDFSLogger.properties</file>
     <file>${nameNode}/${appRoot}/config/${propertiesFile}</file>
     <file>${nameNode}/${commonRoot}/kerberos/krb5.conf</file>
   </spark>
		<ok to="end" />
		<error to="mailError" />
	</action>


	<action name="mailError">
		<email xmlns="uri:oozie:email-action:0.1">
			<to>${mailErrorTo}</to>
			<cc>${mailErrorCc}</cc>
			<subject>${mailSubjectEnv} ERREUR</subject>
			<body>Job ID: ${wf:id()}
			</body>
		</email>
		<ok to="kill" />
		<error to="kill" />
	</action>

	<kill name="kill">
		<message>Error while processing BHC Contacts</message>
	</kill>

	<end name="end" />
</workflow-app>