<workflow-app name="Contacts/KafkaStreaming" xmlns="uri:oozie:workflow:0.5">
  <global>
    <configuration>
      <property>
        <name>oozie.launcher.mapred.job.queue.name</name>
        <value>${queueName}</value>
      </property>
    </configuration>
  </global>
  <credentials>
    <credential name="hbase_creds" type="hbase">
      <property>
        <name>hbase.zookeeper.quorum</name>
        <value>${zookeeperQuorum}</value>
      </property>
      <property>
        <name>hbase.master.kerberos.principal</name>
        <value>${hbasePrincipal}</value>
      </property>
      <property>
        <name>hbase.regionserver.kerberos.principal</name>
        <value>${hbasePrincipal}</value>
      </property>
      <property>
        <name>hbase.security.authentication</name>
        <value>kerberos</value>
      </property>
    </credential>
  </credentials>
  <start to="GetAppStatus" />
  <action name="GetAppStatus">
    <java>
      <job-tracker>${jobTracker}</job-tracker>
      <name-node>${nameNode}</name-node>
      <main-class>fr.edf.dco.common.AppStatus</main-class>
      <arg>SPARK</arg>
      <arg>fr.edf.dco.cs.KafkaToHbaseStreamingJob</arg>
      <file>${nameNode}/${commonRoot}/lib/common/yarnutil-0.1.2.jar</file>
      <file>${nameNode}/${commonRoot}/conf/yarn-site.xml</file>
      <capture-output />
    </java>
    <ok to="CheckStatus" />
    <error to="kill" />
  </action>
  <decision name="CheckStatus">
    <switch>
      <case to="SparkSubmit">${wf:actionData("GetAppStatus")["STATUS"] eq 0}</case>
      <default to="end" />
    </switch>
  </decision>
  <action name="SparkSubmit" cred="hbase_creds">
    <spark xmlns="uri:oozie:spark-action:0.2">
      <job-tracker>${jobTracker}</job-tracker>
      <name-node>${nameNode}</name-node>
      <job-xml>${commonRoot}/conf/hbase-site.xml</job-xml>
      <master>yarn-cluster</master>
      <name>fr.edf.dco.cs.KafkaToHbaseStreamingJob</name>
      <class>fr.edf.dco.contacts.bhc.streaming.spark.jobs.KafkaToHbaseStreamingJob</class>
      <jar>hdfs://${appRoot}/lib/${appJar}</jar>
      <spark-opts>--num-executors 3 --driver-memory 5G --queue dco_fast --conf spark.yarn.submit.waitAppCompletion=false --conf spark.yarn.maxAppAttempts=1 --conf spark.yarn.security.tokens.hive.enabled=false --conf  spark.metrics.conf=./metrics.properties --conf spark.driver.extraJavaOptions=-Djava.security.auth.login.config=./jaas.conf --conf spark.executor.extraJavaOptions=-Djava.security.auth.login.config=./jaas.conf --driver-java-options -Djava.security.auth.login.config=./jaas.conf --jars hdfs://${commonRoot}/lib/hdfs/HDFSLogger-${hdfsloggerVersion}.jar</spark-opts>
      <arg>./kafka.truststore.jks</arg>
      <arg>./jaas.conf</arg>
      <arg>-hp</arg>
      <arg>./${propertiesFile}</arg>
      <file>${nameNode}/user/${userName}/${userName}.keytab</file>
      <file>${nameNode}/${commonRoot}/kerberos/krb5.conf</file>
      <file>${nameNode}/${commonRoot}/ssl/kafka.truststore.jks</file>
      <file>${nameNode}/${commonRoot}/conf/hbase-site.xml</file>
      <file>${nameNode}/${commonRoot}/conf/hive-site.xml</file>
      <file>${nameNode}/${appRoot}/config/metrics.properties</file> 
      <file>${nameNode}/${commonRoot}/lib/hdfs/HDFSLogger.properties</file>
      <file>${nameNode}/${appRoot}/config/${propertiesFile}</file>
      <file>${nameNode}/${appRoot}/config/jaas.conf</file>
    </spark>
    <ok to="end" />
    <error to="fail" />
  </action>
  <kill name="fail">
    <message>Script failed, error
      message[${wf:errorMessage(wf:lastErrorNode())}]</message>
  </kill>
  <kill name="kill">
    <message>Cf. mail</message>
  </kill>
  <end name="end" />
</workflow-app>