<configuration>
<property>
  <name>user.name</name>
  <value>dco_app_bhc</value>
</property>
<property>
  <name>oozie.coord.application.path</name>
  <value>hdfs:${appRoot}/oozie/BHC-Coordinator.xml</value>
</property>
<property>
  <name>env</name>
  <value>%SITE_DESC%</value>
</property>
<property>
  <name>propertiesFile</name>
  <value>bhc_%SITE_DESC%.properties</value>
</property>
<property>
  <name>nameNode</name>
  <value>%SITE_FS%</value>
</property>
<property>
  <name>queueName</name>
  <value>%SITE_QUEUE%</value>
</property>
<property>
  <name>appRoot</name>
  <value>%INSTALL_HDFS%</value>
</property>
<property>
	<name>propertiesFile</name>
	<value>bhc_%SITE_DESC%.properties</value>
</property>
<property>
  <name>appJar</name>
  <value>bhc-%INSTALL_BHC_JAR_VERSION%.jar</value>
</property>
<property>
  <name>commonRoot</name>
  <value>%INSTALL_COMMON%</value>
</property>
<property>
  <name>userName</name>
  <value>%INSTALL_USER%</value>
</property>
<property>
  <name>userPrincipal</name>
  <value>${userName}@%SITE_REALM%</value>
</property>
<property>
  <name>hiveMetastore</name>
  <value>%SITE_METASTORE%</value>
</property>
<property>
  <name>hivePrincipal</name>
  <value>hive/_HOST@%SITE_REALM%</value>
</property>
<property>
  <name>hbasePrincipal</name>
  <value>hbase/_HOST@%SITE_REALM%</value>
</property>
<property>
  <name>zookeeperQuorum</name>
  <value>%SITE_ZOOKEEPER%</value>
</property>
<property>
  <name>mailSubjectEnv</name>
  <value>Chaine %INSTALL_PREFIX%/%INSTALL_NAME% %SITE_DESC%</value>
</property>
<property>
  <name>numExecutors</name>
  <value>%INSTALL_BHC_SPARK_EXECUTORS%</value>
</property>
<property>
  <name>writeToSql</name>
  <value>%INSTALL_BHC_ENABLE_SQL%</value>
</property>
<property>
  <name>mailDefault</name>
  <value>%INSTALL_CONTACT%</value>
</property>
<property>
  <name>hive2url</name>
  <value>%SITE_HIVE2URL%</value>
</property>
<property>
  <name>jobTracker</name>
  <value>autodetect.HA</value>
</property>
<property>
  <name>userKeytab</name>
  <value>${userName}.keytab</value>
</property>
<property>
  <name>hdfsloggerVersion</name>
  <value>2.6.1</value>
</property>
<property>
  <name>oozie.use.system.libpath</name>
  <value>true</value>
</property>
<property>
  <name>mailErrorTo</name>
  <value>${mailDefault}</value>
</property>
<property>
  <name>mailErrorCc</name>
  <value>${mailDefault}</value>
</property>
<property>
  <name>mailWarningTo</name>
  <value>${mailDefault}</value>
</property>
<property>
  <name>mailWarningCc</name>
  <value>${mailErrorCc}</value>
</property>
</configuration>
