<!-- Coordinateur pour la chaine Contacts/BHC -->

<!-- Doit se lancer à 15h en hiver et à 15h en été  start positionné pour un déploiement en hiver-->
<coordinator-app name="Contacts/BHCScheduler" frequency="${coord:days(1)}" start="%UTCCurrentDate%T15:00Z"  end="2030-01-01T00:00Z"
  timezone="Europe/Paris" xmlns="uri:oozie:coordinator:0.4">
  <controls>
    <concurrency>1</concurrency>
    <execution>LAST_ONLY</execution>
  </controls>
  <action>
    <workflow>
      <app-path>${appRoot}/oozie/BHC-Workflow.xml</app-path>
    </workflow>
  </action>
</coordinator-app>