<!-- Coordinateur pour le test hbase vers SQLServer -->

<coordinator-app name="Contacts/HbaseZeHadoopScheduler" frequency="${coord:days(1)}" start="%UTCCurrentDate%T22:00Z"  end="2030-01-01T00:00Z"
  timezone="Europe/Paris" xmlns="uri:oozie:coordinator:0.4">
  <controls>
    <concurrency>1</concurrency>
    <execution>LAST_ONLY</execution>
  </controls>
  <action>
    <workflow>
    <app-path>${appRoot}/oozie/BHC-HBASE-ZE-HADOOP-Workflow.xml</app-path>
    </workflow>
  </action>
</coordinator-app>
