 <workflow-app name="Contacts/HbaseZeHadoop" xmlns="uri:oozie:workflow:0.5">
 <global>
    <configuration>
      <property>
  <name>oozie.launcher.mapred.job.queue.name</name>
  <value>${queueName}</value>
      </property>
    </configuration>
  </global>
  
  <credentials>
    <credential name="hbase_creds" type="hbase">
      <property>
  <name>hbase.zookeeper.quorum</name>
  <value>${zookeeperQuorum}</value>
      </property>
      <property>
  <name>hbase.master.kerberos.principal</name>
  <value>${hbasePrincipal}</value>
      </property>
      <property>
  <name>hbase.regionserver.kerberos.principal</name>
  <value>${hbasePrincipal}</value>
      </property>
      <property>
  <name>hbase.security.authentication</name>
  <value>kerberos</value>
      </property>
    </credential>
    <credential name="hive_creds" type="hcat">
      <property>
        <name>hcat.metastore.uri</name>
        <value>${hiveMetastore}</value>
      </property>
      <property>
        <name>hcat.metastore.principal</name>
        <value>${hivePrincipal}</value>
      </property>
    </credential>  
  </credentials>

  <!-- Integrate lines from hbase into sqlserver table -->
   <start to="hbaseToSqlServer" />
 <action name="hbaseToSqlServer" cred="hive_creds,hbase_creds">
   <spark xmlns="uri:oozie:spark-action:0.2">
     <job-tracker>${jobTracker}</job-tracker>
     <name-node>${nameNode}</name-node>
     <job-xml>${commonRoot}/conf/hbase-site.xml</job-xml>
     <master>yarn-cluster</master>
     <name>fr.edf.dco.contacts.bhc.HbaseToZEHadoop</name>
      <class>fr.edf.dco.contacts.bhc.batch.spark.jobs.HbaseToZEHadoop</class>
     <jar>hdfs://${appRoot}/lib/${appJar}</jar>
     <spark-opts>--num-executors ${numExecutors} --executor-memory 3G --driver-memory 5G --queue ${queueName} --conf spark.yarn.security.tokens.hive.enabled=false --jars hdfs://${commonRoot}/lib/oracle/ojdbc7.jar,hdfs://${commonRoot}/lib/hdfs/HDFSLogger-${hdfsloggerVersion}.jar,hdfs://${commonRoot}/lib/hiveClient/datanucleus-api-jdo-3.2.6.jar,hdfs://${commonRoot}/lib/hiveClient/datanucleus-core-3.2.10.jar,hdfs://${commonRoot}/lib/hiveClient/datanucleus-rdbms-3.2.9.jar</spark-opts>
     <arg>delta</arg>
     <arg>--principal</arg>
     <arg>${userPrincipal}</arg>
     <arg>--keytab</arg>
     <arg>${userKeytab}</arg>
     <file>${nameNode}/user/${userName}/${userKeytab}</file>
     <file>${nameNode}/${commonRoot}/conf/hive-site.xml</file>
     <file>${nameNode}/${commonRoot}/conf/hbase-site.xml</file>
     <file>${nameNode}/${appRoot}/config/HDFSLogger.properties</file>
     <file>${nameNode}/${appRoot}/config/${propertiesFile}</file>
     <file>${nameNode}/${appRoot}/config/metrics.properties</file>
     <file>${nameNode}/${commonRoot}/kerberos/krb5.conf</file>
     
   </spark>
    <ok to="end" />
    <error to="mailError" />
  </action>

  <action name="mailError">
    <email xmlns="uri:oozie:email-action:0.1">
      <to>${mailErrorTo}</to>
      <cc>${mailErrorCc}</cc>
      <subject>${mailSubjectEnv} ERREUR</subject>
      <body>Job ID: ${wf:id()}
      </body>
    </email>
    <ok to="kill" />
    <error to="kill" />
  </action>
  
  <kill name="kill">
    <message>Cf. mail</message>
  </kill>
  
  <end name="end" />
</workflow-app>