<!-- Coordinateur pour le test hive vers hbase -->

<coordinator-app name="Contacts/KafkaStreamingScheduler" frequency="${coord:hours(1)}" start="%UTCCurrentDate%T01:00Z"  end="2030-01-01T00:00Z"
  timezone="Europe/Paris" xmlns="uri:oozie:coordinator:0.4">
  <controls>
    <concurrency>1</concurrency>
    <execution>LAST_ONLY</execution>
  </controls>
  <action>
    <workflow>
      <app-path>${appRoot}/oozie/BHC-KAFKA-STREAMING-Workflow.xml</app-path>
    </workflow>
  </action>
</coordinator-app>
